{"bug":{"height":7.6666666667,"id":820.0416666667,"weight":257.0833333333,"dens":0.0611506719},"dark":{"height":15.1351351351,"id":3305.2162162162,"weight":782.9189189189,"dens":0.0283375877},"dragon":{"height":25.1944444444,"id":2159.1111111111,"weight":1762.5833333333,"dens":0.0457852651},"electric":{"height":9.3333333333,"id":3620.3333333333,"weight":421.3333333333,"dens":0.062389646},"fairy":{"height":7.7543859649,"id":2525.7894736842,"weight":197.8947368421,"dens":0.1364512295},"fighting":{"height":13.5272727273,"id":1852.1272727273,"weight":715.2545454545,"dens":0.0313430942},"fire":{"height":10.8695652174,"id":1428.8913043478,"weight":629.8913043478,"dens":0.0734081706},"flying":{"height":13.162601626,"id":2503.8861788618,"weight":498.8292682927,"dens":0.1392093467},"ghost":{"height":13.6774193548,"id":2389.7419354839,"weight":596.3870967742,"dens":0.150546311},"grass":{"height":9.3076923077,"id":1628.8923076923,"weight":280.3846153846,"dens":0.0776800663},"ground":{"height":18.0363636364,"id":1741.1636363636,"weight":1510.2909090909,"dens":0.0319260003},"ice":{"height":15.7666666667,"id":2719.4,"weight":1423.7666666667,"dens":0.0665214629},"normal":{"height":10.6351351351,"id":1029.5675675676,"weight":534.8243243243,"dens":0.0478592004},"poison":{"height":11.137254902,"id":786.2156862745,"weight":303.6470588235,"dens":0.6518718116},"psychic":{"height":10.7922077922,"id":2025.8181818182,"weight":794.4805194805,"dens":0.1173463804},"rock":{"height":10.3214285714,"id":1445.6428571429,"weight":878.9642857143,"dens":0.0259131059},"steel":{"height":12.5945945946,"id":3101.2702702703,"weight":1252.3513513514,"dens":0.1063313726},"water":{"height":13.3452380952,"id":1058.130952381,"weight":485.619047619,"dens":0.0735952274}}